اسم المكتبة,منطقة المكتبة,رقم التواصل,الكتب المتوفرة,اسماء المعلمين 
مكتبة خلفان,ضنك,91061619,بصمة خامس، بصمة ثامن، بصمة تاسع، الإبداع ثامن، البروفيسور حادي عشر، الإصرار في الأحياء تاسع,- كتاب بصمة للصف الخامس- الأستاذ صهيب : 3.5 ريال عماني
مكتبة أثر وكتاب,المصنعة – ودام الغاف,92541397,بصمة خامس، بصمة ثامن، بصمة تاسع، البروفيسور حادي عشر، الإصرار في الأحياء تاسع,- كتاب بصمة للصف الثامن-الأستاذ صهيب : 3.5 ريال عماني
مكتبة السعادة,الرستاق,79680809,بصمة خامس، بصمة ثامن، بصمة تاسع، الإبداع ثامن، البروفيسور حادي عشر، الإصرار في الأحياء تاسع,- كتاب بصمة للصف التاسع-الأستاذ صهيب : 3.5 ريال عماني
مكتبة روائع الأمل,صحار,91940058,بصمة خامس، بصمة ثامن، بصمة تاسع، الإبداع ثامن، البروفيسور حادي عشر، الإصرار في الأحياء تاسع، مفاتيح الإنجليش ثاني عشر,- كتاب الإبداع للصف الثامن -الأستاذ  جاسم السنيدي: 3.5 ريال عماني
مكتبة بوابة المعرفة,صحم,98981335,بصمة خامس، بصمة ثامن، بصمة تاسع، الإبداع ثامن، البروفيسور حادي عشر، الإصرار في الأحياء تاسع، مفاتيح الإنجليش ثاني عشر,- كتاب المغني المجيد للصف الثاني عشر- الأستاذ حمد المزروعي : 5 ريالات عمانية
مكتبة التيجان نزوى,نزوى,92343119,بصمة خامس، بصمة ثامن، بصمة تاسع، الإبداع ثامن، البروفيسور حادي عشر، الإصرار في الأحياء تاسع,- كتاب البروفيسور للصف الحادي عشر- الأستاذ المعتصم : 3.5 ريال عماني
مكتبة كنوز العلم,المضيبي – سمد الشأن,96525095,بصمة خامس، بصمة ثامن، بصمة تاسع، الإبداع ثامن، البروفيسور حادي عشر، الإصرار في الأحياء تاسع، مفاتيح الإنجليش ثاني عشر,- كتاب الإصرار في الأحياء للصف التاسع-الأستاذ هلال : 3.5 ريال عماني
مكتبة الشهامة,نزوى,92703151,مغني المجيد، بصمة خامس، بصمة ثامن، بصمة تاسع، الإبداع ثامن، البروفيسور حادي عشر,- كتاب مفاتيح الإنجليزي للصف الثاني عشر - الأستاذ مهيب : 3 ريالات عمانية
مكتبة اليُسر,السويق – الخضراء,99013009,مغني المجيد، بصمة خامس، بصمة ثامن، بصمة تاسع، الإبداع ثامن، البروفيسور حادي عشر، الإصرار في الأحياء تاسع، مفاتيح الإنجليش ثاني عشر,-كتاب المستشار للصف الحادي عشر- الأستاذ حازم : 3.7 ريال عماني
مكتبة وهج الطفولة,بركاء,94856766,بصمة خامس، بصمة ثامن، بصمة تاسع، الإبداع ثامن، البروفيسور حادي عشر، الإصرار في الأحياء تاسع، مفاتيح الإنجليش ثاني عشر,- كتاب المستشار للصف الثاني عشر- الأستاذ حازم : 3.7 ريال عماني
مكتبة دبوس,نزوى – العين,97702203,مغني المجيد، بصمة خامس، بصمة ثامن، بصمة تاسع، الإبداع ثامن، البروفيسور حادي عشر، الإصرار في الأحياء تاسع، مفاتيح الإنجليش ثاني عشر,- كتاب جيو لمادة الجغرافيا  للصف الثاني عشر- الأستاذ عبدالعزيز التوبي :  3.5 ريال عماني
مكتبة آفاق المعرفة,المعبيلة السابعة,91449108,بصمة خامس، بصمة ثامن، بصمة تاسع، الإبداع ثامن، البروفيسور حادي عشر، الإصرار في الأحياء تاسع,
متجر الألفة,نزوى – حي التراث,72140005,بصمة خامس، بصمة ثامن، بصمة تاسع,
مكتبة أضواء المعيمير,نزوى,99365652,بصمة خامس، بصمة ثامن، بصمة تاسع، الإبداع ثامن، البروفيسور حادي عشر، الإصرار في الأحياء تاسع، مفاتيح الإنجليش ثاني عشر,
مكتبة ناجح,بوشر,96222370,مغني المجيد، بصمة خامس، بصمة ثامن، بصمة تاسع، الإبداع ثامن، البروفيسور حادي عشر، الإصرار في الأحياء تاسع، مفاتيح الإنجليش ثاني عشر,
مكتبة الوطن,السويق,99377767,بصمة خامس، بصمة ثامن، بصمة تاسع، الإبداع ثامن، البروفيسور حادي عشر، الإصرار في الأحياء تاسع، مفاتيح الإنجليش ثاني عشر,
مكتبة الارتقاء,المعبيلة الجنوبية,96771134,مغني المجيد، بصمة خامس، بصمة ثامن، بصمة تاسع، الإبداع ثامن، البروفيسور حادي عشر، الإصرار في الأحياء تاسع، مفاتيح الإنجليش ثاني عشر,
مجد قريات العالمية,قريات,92586656,مغني المجيد، بصمة خامس، بصمة ثامن، بصمة تاسع، الإبداع ثامن، البروفيسور حادي عشر,
مكتبة روّاد المعرفة,وادي المعاول ونخل,91128028 / 91181138,بصمة خامس، بصمة ثامن، بصمة تاسع,
المكتبة العجيبة,الرستاق,92717838,مغني المجيد، بصمة خامس، بصمة ثامن، بصمة تاسع، الإبداع ثامن، البروفيسور حادي عشر، الإصرار في الأحياء تاسع,
مكتبة النجوم المضيئة,شناص,71917936,بصمة خامس، بصمة ثامن، بصمة تاسع، الإبداع ثامن، البروفيسور حادي عشر، الإصرار في الأحياء تاسع,
مكتبة كيان,عبري,99707055,بصمة خامس، بصمة ثامن، بصمة تاسع، الإبداع ثامن، البروفيسور حادي عشر، الإصرار في الأحياء تاسع، مفاتيح الإنجليش ثاني عشر,
مكتبة حبر النجاح,إبراء – الحايمة,96312361,بصمة خامس، بصمة ثامن، بصمة تاسع، الإبداع ثامن، البروفيسور حادي عشر، الإصرار في الأحياء تاسع,
مكتبة الشرق الأوسط,صحار – الهمبار,79409444,بصمة خامس، بصمة ثامن، بصمة تاسع، الإبداع ثامن، البروفيسور حادي عشر، الإصرار في الأحياء تاسع,
مكتبة الجاسم,شناص,99099369,بصمة خامس، بصمة ثامن، بصمة تاسع، الإبداع ثامن، البروفيسور حادي عشر، الإصرار في الأحياء تاسع، مفاتيح الإنجليش ثاني عشر,
مكتبة أمجاد المعبيلة,مخزن التوزيع – المعبيلة,92235520,مغني المجيد، بصمة خامس، بصمة ثامن، بصمة تاسع، الإبداع ثامن، البروفيسور حادي عشر، الإصرار في الأحياء تاسع,
مكتبة سما الإبداع,جعلان بني بوحسن,95450570,بصمة خامس، بصمة ثامن، بصمة تاسع، الإبداع ثامن، البروفيسور حادي عشر، الإصرار في الأحياء تاسع، مفاتيح الإنجليش ثاني عشر,
 مكتبة زهرة المدائن,قريات,92727656,مغني المجيد، بصمة خامس، بصمة ثامن، بصمة تاسع، الإبداع ثامن، البروفيسور حادي عشر,
مكتبة الفضل بن الحواري,إزكي,99200238,مغني المجيد، بصمة خامس، بصمة ثامن، بصمة تاسع، الإبداع ثامن,
مكتبة دار البيان,لوى,97741422,بصمة خامس، بصمة ثامن، بصمة تاسع، الإبداع ثامن، البروفيسور حادي عشر، الإصرار في الأحياء تاسع,
مكتبة القلم الأخضر المعبيلة,المعبيلة,92433171,مغني المجيد، بصمة خامس، بصمة ثامن، بصمة تاسع، الإبداع ثامن، البروفيسور حادي عشر، الإصرار في الأحياء تاسع,
مكتبة روائع نور الاستقامة,سناو,91113314,مغني المجيد، بصمة خامس، بصمة ثامن، بصمة تاسع، الإبداع ثامن، البروفيسور حادي عشر، الإصرار في الأحياء تاسع,
مكتبة مكتبة الكوفة,الكامل,99429101,مغني المجيد، بصمة خامس، بصمة ثامن، بصمة تاسع، الإبداع ثامن، البروفيسور حادي عشر، الإصرار في الأحياء تاسع، مفاتيح الإنجليش ثاني عشر,
المرشد التعليمي – نور الشحري,صلالة,96999061,مغني المجيد,